study_hours,attendance_percentage,previous_score,sleep_hours,assignment_completion,extracurricular,final_score
4.89,91.11,85.99,7.73,62.85,No,87.06
3.75,100.0,78.87,6.14,72.4,No,90.05
5.17,63.22,65.89,5.82,60.74,Yes,74.23
6.74,86.76,55.3,6.8,69.46,Yes,90.98
3.58,72.19,75.47,6.6,40.91,Yes,69.19
3.58,74.15,70.9,6.26,78.84,Yes,81.04
6.84,72.89,78.43,7.64,75.02,No,96.39
5.38,69.63,74.53,7.95,60.29,No,91.81
3.15,80.58,80.74,6.91,86.87,Yes,81.01
4.98,70.03,56.97,8.57,91.88,Yes,86.41
3.17,83.25,84.76,5.43,46.06,No,74.4
3.16,79.4,67.96,6.57,61.27,No,78.02
4.44,77.13,96.13,5.94,61.16,Yes,82.79
0.56,69.11,54.66,4.56,58.08,No,54.09
0.9,73.08,91.04,6.7,89.93,No,70.17
2.99,89.06,67.97,6.65,71.51,Yes,76.49
2.18,86.01,55.23,8.62,70.24,Yes,71.2
4.57,68.27,57.74,7.56,38.93,No,71.1
2.37,81.19,60.19,5.57,86.44,No,68.07
1.46,89.02,71.36,9.02,52.69,No,70.03
6.64,59.97,72.84,8.27,76.08,Yes,97.94
3.59,86.52,56.39,7.5,79.99,Yes,82.64
4.12,72.05,64.63,6.53,99.49,No,83.05
1.44,86.85,97.13,5.65,51.44,No,69.53
3.02,70.84,90.91,6.35,20.65,Yes,66.85
4.2,58.34,71.54,8.11,78.31,No,81.2
1.93,60.47,65.57,9.06,100.0,No,73.72
4.68,80.58,66.8,8.65,97.3,No,93.57
2.92,83.12,74.2,6.21,78.77,No,72.43
3.47,69.15,49.66,5.46,66.15,No,63.14
2.92,87.66,61.14,6.97,89.53,No,66.98
7.33,60.06,39.97,4.68,57.48,No,72.28
3.98,79.21,70.99,7.19,83.57,Yes,87.13
2.1,65.47,74.71,6.62,84.1,No,66.44
5.48,72.18,57.75,6.24,94.08,Yes,86.84
1.8,80.57,88.61,4.89,100.0,No,74.75
4.38,69.68,46.61,7.42,82.06,Yes,75.92
0.47,75.39,43.03,6.16,65.84,Yes,47.41
1.61,92.08,68.37,5.4,74.54,Yes,70.85
4.35,73.08,80.71,3.35,43.16,Yes,59.62
5.33,90.03,90.26,6.77,62.5,No,90.13
4.31,66.44,58.12,8.93,67.63,No,66.14
3.79,86.36,81.18,8.79,65.57,No,89.42
3.46,97.3,64.42,6.25,77.74,Yes,84.26
1.34,50.34,62.41,6.08,60.2,Yes,57.99
2.7,70.44,78.25,7.36,95.18,Yes,85.97
3.17,86.92,74.78,5.6,75.0,Yes,73.66
5.9,77.56,41.35,7.16,74.83,No,86.92
4.62,84.45,87.15,7.72,69.1,Yes,94.33
0.83,72.75,85.7,8.27,77.79,Yes,70.03
4.58,81.04,55.62,6.68,89.85,Yes,86.74
3.31,78.13,70.94,6.56,59.39,Yes,68.94
2.78,94.01,72.41,5.75,63.15,No,69.99
5.1,83.05,68.91,5.81,69.53,No,78.75
5.86,84.05,56.75,6.53,50.77,Yes,79.19
5.68,75.06,54.93,7.24,60.25,Yes,75.23
2.49,74.15,64.62,7.9,66.43,Yes,76.68
3.44,74.81,82.59,5.84,90.74,Yes,80.29
4.6,84.73,73.15,8.59,79.73,Yes,89.84
5.76,74.95,59.44,6.47,78.48,No,79.16
3.14,83.48,76.58,6.77,90.32,No,70.53
3.67,100.0,22.27,5.9,72.53,No,67.49
2.01,90.45,82.23,3.89,82.03,No,63.73
1.85,76.09,38.9,7.86,73.14,No,59.07
5.46,94.41,59.56,7.68,79.78,No,80.4
6.44,75.1,48.2,6.46,64.51,No,89.59
3.87,55.54,45.58,6.88,31.1,No,62.45
5.81,67.9,82.41,7.42,72.58,Yes,90.15
4.65,57.55,57.98,4.92,100.0,No,79.94
2.84,75.78,70.2,6.17,91.67,No,69.7
4.65,80.22,64.3,7.75,92.38,No,86.15
6.77,100.0,72.16,5.29,97.25,No,99.05
3.94,83.92,66.15,7.15,76.6,No,79.93
6.82,77.37,45.76,5.17,78.55,Yes,90.09
0.0,89.95,79.94,7.36,63.88,No,68.55
5.48,53.47,57.59,6.76,69.31,Yes,77.25
4.16,82.83,41.65,4.86,86.08,Yes,64.38
3.46,89.25,58.58,8.2,96.67,Yes,77.0
4.17,62.26,87.51,5.92,72.49,No,77.92
0.42,93.73,77.75,5.83,66.9,Yes,68.15
3.6,84.06,59.77,7.04,75.01,Yes,71.22
4.64,75.02,59.76,8.18,85.82,No,92.32
6.66,87.59,60.18,5.58,49.01,Yes,93.55
3.07,100.0,96.15,6.87,33.67,No,83.96
2.54,82.18,70.73,7.31,65.09,No,72.12
3.1,82.98,71.45,7.63,,Yes,74.17
5.65,74.49,80.45,7.01,65.85,No,81.71
4.59,69.8,68.58,6.36,72.34,Yes,79.56
3.05,89.96,61.11,5.81,66.84,No,72.82
4.92,69.73,62.05,6.9,100.0,No,75.28
4.17,80.86,63.93,5.51,80.88,No,78.6
5.74,74.27,64.44,3.29,80.41,No,78.98
2.74,85.75,75.91,7.32,86.2,Yes,70.7
3.41,84.0,65.78,7.88,54.5,Yes,71.42
3.29,92.45,75.99,3.96,93.7,No,77.48
1.37,73.88,63.79,5.59,73.64,No,70.94
4.53,76.76,66.18,7.54,87.07,No,84.34
4.47,68.25,35.03,9.27,55.71,No,60.49
4.01,74.67,78.74,6.82,47.03,No,78.01
3.58,84.53,70.2,5.93,89.72,No,71.12
1.45,89.08,79.97,6.58,81.78,Yes,80.37
3.24,68.93,21.56,8.45,58.76,No,54.89
3.38,90.44,96.33,6.02,59.35,No,82.39
2.56,96.27,62.91,5.84,95.26,Yes,84.37
3.71,84.96,81.62,6.22,53.59,No,71.49
4.73,100.0,49.4,5.66,100.0,No,75.89
7.4,70.71,74.19,6.95,58.79,No,87.45
4.31,65.06,49.2,8.75,86.49,Yes,81.1
4.46,58.66,55.64,7.19,69.08,Yes,64.83
3.87,97.95,93.71,6.5,85.86,No,76.51
0.55,87.85,62.14,6.45,65.21,No,58.33
3.95,79.33,68.26,4.92,72.07,Yes,79.58
4.11,83.36,78.05,7.86,75.74,Yes,91.54
8.43,66.49,72.44,6.71,56.96,No,90.58
3.65,100.0,67.26,6.58,88.33,Yes,82.71
4.54,81.55,70.47,10.0,65.76,No,89.61
3.94,81.31,100.0,7.16,70.89,No,77.92
1.9,88.71,64.14,5.9,57.1,Yes,65.65
6.06,85.77,68.02,6.29,28.88,No,81.93
5.35,82.69,80.76,8.18,71.56,Yes,93.78
5.42,70.51,81.58,6.94,100.0,Yes,89.28
2.36,85.66,82.81,5.07,89.12,No,76.52
6.53,100.0,74.58,7.9,74.65,No,84.98
1.48,96.15,47.85,,70.27,No,59.48
5.06,99.12,89.5,9.05,75.4,No,98.82
7.94,73.87,47.8,8.1,84.85,Yes,88.08
2.22,68.12,69.54,6.26,53.75,Yes,65.74
2.98,78.49,53.69,,95.06,Yes,77.64
4.18,80.67,64.04,6.88,87.88,Yes,79.91
3.09,93.13,69.93,7.82,87.93,Yes,83.61
1.21,59.69,69.82,7.38,82.89,Yes,59.79
4.12,98.35,71.33,5.78,75.35,No,81.75
2.09,78.1,89.21,6.03,87.11,No,79.03
4.85,74.88,71.8,8.04,85.65,No,85.37
2.35,67.85,61.34,6.4,68.63,No,60.96
6.79,60.14,79.46,6.32,64.68,Yes,89.83
2.59,89.88,82.84,5.65,76.83,Yes,82.86
3.42,80.88,46.59,7.31,100.0,No,63.11
5.46,64.52,73.96,,52.7,No,87.74
1.78,64.46,75.52,5.52,48.58,Yes,61.03
4.41,75.97,60.54,6.83,77.97,No,79.01
6.35,100.0,85.64,8.49,75.92,No,100.0
1.11,76.88,62.75,6.7,78.12,No,55.93
4.33,61.96,66.88,7.34,79.39,Yes,74.22
4.47,77.05,62.4,5.53,70.98,No,73.92
5.41,76.73,65.23,7.31,100.0,No,82.94
1.77,47.64,48.56,6.58,46.18,No,57.95
1.62,79.35,43.4,7.98,60.09,No,54.47
4.94,77.23,88.92,8.22,73.14,No,86.27
4.53,88.35,52.3,9.91,45.42,No,77.91
4.45,100.0,50.13,7.5,71.83,Yes,75.83
4.62,93.52,32.7,7.19,100.0,No,75.65
2.78,76.77,55.42,7.03,75.38,No,69.64
4.42,66.72,45.15,6.38,79.15,No,67.97
4.53,100.0,89.63,7.21,52.32,Yes,90.29
2.71,80.71,80.15,6.45,63.91,Yes,73.11
7.36,80.17,54.68,7.0,68.25,No,80.63
4.85,79.71,98.79,8.38,69.28,No,93.46
1.86,82.38,79.73,5.59,98.07,No,83.06
5.18,78.27,60.13,8.17,85.04,No,83.57
2.25,73.12,27.51,8.38,54.99,No,56.07
5.42,73.44,99.36,6.66,79.44,No,95.91
6.09,79.61,44.16,4.25,83.97,No,71.89
2.52,73.48,40.32,6.07,95.52,No,71.94
5.73,71.45,80.34,8.36,100.0,No,93.81
4.74,81.28,100.0,6.77,56.73,Yes,98.46
5.48,76.94,85.76,5.6,60.4,No,81.74
7.41,98.05,73.46,6.19,52.36,No,100.0
3.56,48.19,73.92,7.81,70.79,Yes,76.1
2.64,93.1,77.8,7.46,83.39,Yes,84.73
2.4,94.95,76.38,6.51,92.77,Yes,82.35
2.53,55.12,69.22,6.36,73.63,Yes,65.37
3.86,75.89,66.56,6.33,69.24,Yes,82.3
4.61,75.54,64.06,5.69,77.73,No,78.06
4.5,63.11,53.69,8.74,59.97,No,61.77
5.49,70.67,60.79,,100.0,No,77.71
4.02,66.67,39.61,8.26,46.06,Yes,64.55
6.62,100.0,63.52,8.63,78.33,Yes,99.48
3.52,91.23,50.17,8.0,100.0,No,78.03
8.9,95.26,48.45,6.28,75.12,Yes,100.0
5.13,88.66,67.7,7.28,71.58,No,75.27
2.46,66.45,85.88,6.77,68.57,No,72.56
2.07,73.71,78.77,5.72,71.75,No,59.92
4.87,85.87,41.44,7.19,99.71,Yes,85.19
3.6,65.33,50.16,5.39,35.19,No,58.84
5.29,88.56,79.11,8.23,100.0,Yes,98.62
4.85,77.12,50.26,6.24,49.37,No,66.77
3.87,75.5,61.63,7.04,70.2,No,80.15
2.48,88.53,73.25,7.14,67.27,Yes,81.12
1.27,85.33,50.47,6.49,85.59,Yes,67.75
3.2,75.67,66.58,7.5,46.23,Yes,70.57
5.54,93.91,44.99,6.23,83.32,No,84.78
4.39,67.03,55.98,7.85,100.0,Yes,76.17
1.76,87.39,69.8,5.18,50.46,No,68.77
4.31,87.12,41.11,6.95,78.41,Yes,83.87
4.69,76.29,71.61,9.13,63.08,No,87.44
2.41,83.91,64.71,5.6,82.67,No,66.7
4.28,64.99,73.29,5.99,75.34,No,77.77
4.1,91.09,68.36,7.42,63.45,No,73.7
1.94,77.78,85.46,7.02,83.78,Yes,79.67
4.64,73.73,66.88,7.22,100.0,Yes,87.31
5.01,92.59,58.56,7.39,71.56,No,73.51
5.95,71.55,66.83,7.56,87.96,Yes,83.17
5.9,63.1,73.15,8.13,51.72,No,80.36
1.52,61.32,65.73,7.29,57.78,Yes,59.8
2.31,87.27,65.61,6.51,83.5,Yes,68.2
4.93,64.63,54.47,7.61,100.0,Yes,82.74
4.92,100.0,55.06,9.08,81.4,No,88.04
4.93,55.02,43.96,6.64,69.36,Yes,68.52
10.0,100.0,91.24,5.63,74.99,No,100.0
5.03,82.53,46.34,8.13,52.49,Yes,82.03
6.04,78.84,54.61,6.66,85.88,No,92.44
5.72,73.46,54.22,4.19,90.88,Yes,78.61
5.17,84.79,78.42,7.82,66.86,No,84.35
3.43,79.55,60.58,6.16,66.54,No,73.33
5.37,93.24,83.72,6.69,79.79,Yes,92.78
2.61,81.37,54.9,7.2,67.14,No,66.56
3.57,81.8,69.18,7.03,73.81,No,80.49
3.13,75.64,52.47,7.65,100.0,No,63.35
4.15,79.32,97.18,6.28,70.55,No,92.35
8.17,83.69,47.19,7.42,,Yes,93.37
0.64,59.48,69.65,6.49,63.34,No,53.87
5.24,63.82,74.51,7.69,88.4,Yes,85.9
1.1,88.92,71.21,7.54,71.74,Yes,70.15
3.15,82.05,62.22,5.68,63.31,No,61.01
5.96,77.79,63.05,8.1,98.78,Yes,99.2
4.12,80.22,65.66,6.16,100.0,No,80.87
2.06,84.17,62.79,7.77,64.19,No,70.32
2.71,73.52,79.46,7.24,41.4,No,74.08
5.22,70.66,98.16,,93.14,No,90.29
2.69,82.35,56.64,6.53,62.68,Yes,71.27
4.39,68.26,44.45,6.38,89.23,Yes,71.86
4.08,84.9,63.68,6.78,39.54,No,76.99
2.83,59.57,100.0,6.44,,Yes,70.36
7.86,92.35,52.94,7.76,,Yes,93.13
5.14,85.67,89.59,4.86,88.15,Yes,89.47
0.35,83.07,90.17,5.54,75.26,No,69.51
4.34,91.79,56.7,5.52,57.83,No,77.11
2.81,99.99,73.53,7.94,67.67,Yes,77.84
5.53,92.17,89.43,8.85,87.35,No,94.94
2.57,57.91,59.31,6.67,76.91,Yes,64.84
3.79,64.65,61.95,6.6,85.52,Yes,70.08
4.91,72.5,56.27,6.88,100.0,No,84.57
5.56,80.31,49.78,8.19,46.84,No,75.04
1.84,86.21,55.26,5.69,100.0,No,53.7
3.4,71.29,46.64,7.09,76.88,Yes,67.27
3.15,82.24,65.51,7.97,58.82,No,67.56
2.82,70.94,53.45,7.4,51.05,No,54.86
7.18,72.66,68.51,7.03,71.6,No,84.0
4.73,63.12,41.66,8.0,91.59,No,73.45
1.73,68.92,69.96,3.56,72.7,No,67.82
5.65,63.78,77.5,7.61,100.0,No,90.33
7.82,68.29,35.09,6.02,48.88,No,74.31
5.86,92.64,70.61,4.6,74.78,No,89.73
1.27,68.61,83.42,7.41,52.46,No,62.34
3.13,100.0,46.86,8.45,81.55,No,72.03
6.28,85.92,90.09,6.64,90.96,No,92.6
2.73,82.22,71.29,7.94,67.43,Yes,67.09
4.8,69.7,54.42,8.73,28.12,Yes,70.1
5.39,88.4,64.16,8.38,78.58,No,88.26
2.33,73.09,73.37,8.77,82.86,No,73.25
3.89,81.46,66.14,7.69,82.28,No,77.22
0.0,100.0,73.08,6.89,97.24,Yes,67.05
2.16,78.85,51.19,4.88,55.72,No,62.02
3.55,93.79,67.54,6.5,87.24,Yes,75.97
1.75,71.56,43.79,5.79,96.47,No,64.22
6.94,79.58,63.33,9.41,42.99,No,82.84
1.43,100.0,51.44,6.59,80.75,No,63.11
3.21,72.48,53.97,6.95,65.92,No,59.64
4.24,100.0,83.54,7.46,,No,86.6
6.59,88.49,81.37,6.85,81.26,No,100.0
1.42,73.25,74.14,8.83,66.23,Yes,72.04
6.09,87.59,48.62,6.05,62.84,No,85.48
4.02,91.67,60.25,7.03,75.61,No,81.47
2.23,87.46,83.2,5.91,55.43,No,66.76
4.83,61.16,67.13,5.22,55.46,Yes,72.09
4.36,71.27,99.79,6.07,87.23,No,83.83
2.92,77.03,70.9,6.76,54.32,Yes,78.57
4.13,79.11,67.88,6.28,86.99,No,73.31
3.31,87.45,60.36,5.97,83.33,No,78.98
4.2,82.13,67.0,5.11,43.94,No,76.74
5.19,63.98,62.71,6.7,62.8,No,84.78
6.85,84.56,75.62,4.99,96.49,Yes,95.09
1.77,87.33,79.35,7.71,57.34,Yes,77.03
7.84,86.72,53.21,6.9,66.64,No,100.0
0.49,92.97,45.03,5.05,83.32,No,54.41
3.73,90.01,37.46,6.43,89.1,Yes,65.91
5.06,85.51,72.62,5.9,70.47,No,74.18
4.51,79.16,48.45,7.18,64.24,No,76.42
2.88,60.07,32.71,8.41,100.0,No,53.46
3.63,85.16,70.83,4.55,100.0,No,77.45
3.11,82.49,100.0,6.94,92.62,Yes,91.03
2.94,83.26,64.91,6.61,76.54,Yes,75.85
5.53,64.68,77.58,7.61,60.45,No,84.65
4.64,67.03,66.23,7.06,60.05,No,76.1
2.75,92.64,63.52,5.9,84.41,No,80.73
5.62,79.53,78.79,,82.53,No,84.12
4.55,88.18,60.65,5.84,100.0,No,79.36
5.46,80.34,69.01,8.09,86.71,No,84.22
5.13,80.36,69.83,6.83,47.94,No,83.67
2.51,91.26,54.98,9.08,93.94,No,80.08
2.99,73.81,79.88,6.73,57.03,No,74.76
5.35,81.15,62.38,5.95,68.09,Yes,88.32
5.1,74.45,53.66,4.98,79.5,No,69.67
3.96,74.79,73.05,4.64,100.0,Yes,89.34
4.21,76.29,51.52,4.9,100.0,No,81.97
6.3,82.67,65.42,7.12,85.92,No,93.75
2.94,74.26,64.86,7.41,71.7,No,79.79
4.98,95.07,81.29,4.9,84.62,Yes,82.88
3.64,69.26,72.12,7.87,90.98,Yes,77.79
3.61,77.76,64.62,6.22,69.23,Yes,71.24
5.98,74.72,77.27,6.98,100.0,No,95.74
5.49,97.36,85.85,8.73,79.14,Yes,93.88
5.46,82.36,73.37,7.88,83.96,No,93.02
6.35,92.38,65.16,6.48,86.99,No,98.89
4.04,62.17,45.32,5.73,82.59,No,70.05
5.23,83.2,49.02,4.22,90.1,No,79.03
3.44,90.68,60.42,,63.89,Yes,70.05
4.58,80.99,55.86,6.55,64.95,No,70.99
3.77,92.79,62.2,5.62,55.2,No,80.07
4.17,73.79,65.85,6.64,82.91,Yes,83.29
5.07,96.91,72.95,6.89,89.02,No,90.36
2.53,100.0,63.94,6.53,83.24,Yes,75.79
7.77,75.65,72.3,,100.0,No,87.64
2.19,74.65,65.97,7.0,74.9,No,62.59
1.81,97.44,35.37,7.33,87.04,Yes,76.54
6.08,98.95,50.91,5.49,55.35,No,75.88
5.42,73.73,62.84,8.49,68.03,No,83.04
5.12,74.96,46.85,6.68,87.52,No,82.03
5.13,76.62,74.0,6.82,90.28,No,79.9
3.98,63.87,87.96,7.65,69.71,No,80.82
2.38,68.98,83.28,7.08,73.71,Yes,79.2
4.14,67.95,61.8,7.94,47.68,Yes,72.89
2.78,70.79,87.36,7.14,68.57,Yes,91.62
5.76,79.58,67.23,6.07,91.03,No,78.55
3.74,82.81,59.94,7.23,85.35,No,82.27
2.51,98.61,55.8,5.43,84.01,No,70.96
3.42,68.02,60.46,6.93,75.9,No,74.1
4.74,91.81,59.18,6.76,75.13,Yes,85.64
2.99,77.43,67.56,6.55,63.11,Yes,68.72
2.52,79.41,67.41,6.65,87.58,Yes,75.67
4.44,88.1,65.05,4.54,82.58,Yes,72.06
4.44,66.53,71.55,6.14,83.86,Yes,83.05
3.09,84.59,82.86,6.91,65.53,No,79.51
3.15,82.0,79.24,6.99,36.24,Yes,77.48
4.42,85.91,42.73,5.57,94.75,Yes,82.36
1.39,83.47,26.69,8.32,66.38,Yes,58.92
1.47,100.0,79.01,5.76,59.47,Yes,73.88
2.71,72.35,44.5,7.96,87.48,No,61.89
3.62,73.63,61.63,7.31,67.94,No,68.57
4.56,72.52,47.45,6.02,94.08,No,80.16
6.66,73.33,37.97,8.93,86.11,No,90.49
5.54,72.35,73.12,5.37,87.3,Yes,85.32
3.71,94.27,76.39,7.9,50.41,No,80.46
3.97,97.05,56.35,8.0,96.81,Yes,80.61
2.2,73.15,26.13,6.0,79.7,Yes,63.02
3.97,70.01,56.81,8.47,68.35,Yes,78.14
3.48,85.66,70.88,6.5,77.58,Yes,89.48
4.58,73.37,42.82,7.15,43.03,Yes,64.44
2.51,87.6,67.75,7.11,82.36,Yes,74.52
4.93,82.44,64.77,6.64,56.47,No,79.84
6.76,61.81,73.69,7.77,50.65,Yes,90.13
3.8,98.57,66.79,7.75,47.6,Yes,79.16
4.72,100.0,50.4,4.7,95.03,No,76.91
5.24,72.65,82.95,8.37,63.67,Yes,92.63
3.28,75.35,62.62,4.81,100.0,Yes,78.75
4.4,83.43,64.59,8.04,65.36,No,74.92
4.02,84.01,51.0,8.15,44.27,Yes,79.61
4.18,87.9,58.35,5.49,54.9,Yes,80.95
2.61,100.0,51.73,6.31,97.24,No,75.08
4.04,77.88,62.41,5.47,72.19,Yes,76.18
4.9,70.42,90.68,6.54,65.13,No,87.23
6.61,63.45,44.42,6.43,77.88,No,74.03
5.73,71.23,40.8,7.74,84.03,Yes,79.85
7.88,79.6,87.07,8.37,95.11,No,95.01
2.62,100.0,61.86,8.47,100.0,No,84.89
5.57,73.79,54.96,6.13,68.52,Yes,71.82
4.33,82.69,80.6,6.55,51.13,No,87.38
7.94,79.8,55.92,4.78,67.56,Yes,88.68
2.55,94.26,92.39,5.83,79.69,No,80.63
2.49,100.0,75.17,,57.65,Yes,75.81
2.92,73.63,57.68,8.74,57.77,No,66.57
0.18,74.13,97.36,5.32,81.19,Yes,76.19
3.05,92.53,55.91,6.09,74.12,No,59.63
2.63,88.18,76.13,6.77,75.59,Yes,84.58
4.27,100.0,69.49,7.14,61.35,No,84.52
4.62,87.01,84.53,5.83,70.85,No,79.46
7.38,75.69,88.42,7.31,58.36,No,90.79
5.71,87.09,65.48,6.23,91.02,No,96.63
2.96,93.3,53.7,6.78,93.63,No,70.22
2.38,89.85,71.9,7.46,,No,64.2
4.89,86.09,54.83,6.81,58.27,No,82.55
1.62,92.8,95.2,6.28,48.06,Yes,77.5
7.3,94.03,67.05,6.67,63.3,No,89.26
6.12,96.59,59.52,6.69,73.5,No,89.7
3.16,87.78,67.77,6.36,48.91,No,66.31
0.92,77.99,44.79,6.49,58.41,No,59.11
6.44,81.76,50.43,8.72,56.93,Yes,90.84
3.79,94.48,83.01,7.47,78.73,Yes,91.03
6.23,70.2,55.15,6.45,76.25,No,83.1
1.13,84.42,49.3,7.64,62.01,No,68.25
2.92,75.28,73.05,6.4,78.18,No,73.29
4.01,80.34,82.79,8.21,65.16,No,76.68
4.08,95.34,75.78,7.24,70.11,No,86.41
3.19,82.29,79.94,6.67,100.0,Yes,94.35
5.12,80.56,53.65,7.34,,No,77.88
2.08,63.68,43.67,4.91,51.61,No,50.21
3.74,88.96,87.52,5.45,89.94,Yes,89.45
4.22,87.75,60.16,5.37,89.61,No,78.57
4.93,100.0,61.24,6.97,54.33,No,77.14
5.28,76.31,84.92,8.88,89.74,Yes,100.0
1.98,82.63,73.34,9.48,100.0,Yes,91.52
1.24,82.99,71.84,7.57,54.79,No,66.15
6.3,98.93,97.48,7.4,,Yes,97.46
4.6,78.86,55.35,4.64,93.32,No,68.83
2.65,83.35,78.92,6.15,79.89,No,77.1
6.79,87.29,65.86,5.85,84.93,No,97.43
4.21,82.24,69.03,6.05,81.13,No,82.02
6.12,74.64,87.93,6.6,82.03,Yes,94.8
4.12,82.33,72.62,6.23,51.12,No,73.12
7.71,92.88,73.07,4.42,93.85,Yes,95.76
7.16,67.68,81.09,7.7,96.05,No,100.0
3.55,81.6,59.53,5.51,70.87,Yes,78.05
5.75,71.6,52.41,7.09,74.22,No,71.4
5.16,94.34,49.33,,47.44,Yes,89.82
6.46,61.72,35.5,5.7,84.26,Yes,79.51
2.26,73.29,95.84,3.76,85.3,Yes,83.57
5.23,84.53,48.45,6.46,73.88,Yes,73.34
5.91,98.79,61.68,8.12,95.24,No,86.98
0.83,79.21,60.85,9.15,68.99,Yes,64.39
1.87,73.34,69.61,5.32,85.16,No,69.31
0.33,100.0,77.24,7.4,56.65,No,76.01
3.52,62.62,77.91,6.24,74.58,No,77.05
5.29,53.61,56.25,6.67,71.86,Yes,73.67
6.7,85.28,62.49,9.97,79.06,Yes,90.93
4.13,73.98,69.24,5.0,68.35,No,80.26
6.93,67.75,61.27,7.1,72.63,Yes,83.11
1.52,88.5,89.11,7.36,89.87,Yes,88.14
0.93,82.93,72.36,8.1,67.14,No,65.02
3.9,73.23,76.02,6.92,46.08,No,81.83
4.69,64.64,74.94,7.17,100.0,No,86.75
3.94,90.47,82.6,6.33,99.87,Yes,89.02
0.28,87.8,67.72,7.12,51.74,No,57.23
3.84,78.81,45.55,6.39,87.41,Yes,71.72
1.65,100.0,71.0,7.55,65.95,Yes,76.82
5.21,67.16,55.23,6.36,79.74,No,76.76
4.66,61.69,57.07,7.25,80.3,Yes,73.29
2.31,71.7,73.8,6.76,70.78,Yes,70.36
3.08,79.45,83.57,8.15,60.89,Yes,80.08
2.09,82.92,65.32,6.74,62.57,No,56.57
3.89,77.11,69.63,4.67,58.51,No,74.33
5.72,84.22,90.53,8.31,60.03,No,88.04
2.23,64.98,68.61,5.71,73.79,No,59.0
4.91,97.33,100.0,6.02,62.12,Yes,86.51
3.05,79.01,73.48,6.09,87.28,No,66.93
2.57,93.41,38.59,8.45,100.0,Yes,66.87
3.81,84.11,76.3,4.24,64.56,Yes,74.27
2.14,85.48,70.72,10.0,79.31,No,85.86
3.0,86.84,84.35,8.07,83.99,No,80.18
1.84,85.37,75.1,7.07,83.5,Yes,76.06
7.54,87.71,62.92,6.73,76.37,Yes,98.26
4.06,95.95,46.64,7.14,88.37,Yes,80.75
2.74,82.36,61.86,7.43,83.68,Yes,74.56
4.39,88.51,52.24,7.57,52.72,No,68.55
3.8,78.92,56.29,7.47,90.64,No,83.52
3.6,97.28,73.83,6.91,90.97,No,93.65
5.11,71.88,90.05,6.56,61.26,No,76.61
5.36,100.0,70.92,6.62,75.68,Yes,86.59
3.05,79.52,47.06,6.57,87.3,No,67.28
2.96,62.83,71.67,8.16,71.23,No,66.2
3.5,81.54,82.95,7.51,94.31,No,86.73
0.0,71.83,55.85,3.27,100.0,No,50.0
1.27,90.09,62.99,7.59,60.85,No,76.2
6.46,72.17,65.22,7.03,50.14,Yes,90.59
6.96,74.65,53.23,6.78,80.47,No,87.22
3.55,57.33,74.72,6.33,87.99,Yes,80.67
5.04,74.57,63.19,8.15,70.84,Yes,88.2
4.56,50.91,71.29,7.94,100.0,Yes,78.34
9.54,60.99,51.69,5.87,50.91,Yes,86.3
6.02,89.12,58.44,7.29,87.47,No,89.14
3.77,89.43,75.84,5.63,64.09,No,82.76
2.28,85.11,59.41,5.14,100.0,No,71.23
1.11,68.4,90.9,6.05,100.0,No,63.73
4.37,79.43,59.01,7.83,61.2,No,71.77
2.64,79.96,68.37,7.94,65.11,Yes,73.3
1.44,66.1,78.99,7.42,90.47,Yes,70.79
2.84,98.04,43.72,7.67,68.03,No,79.66
2.05,90.53,38.59,7.42,74.18,No,56.55
7.04,77.35,42.12,6.03,75.46,No,84.72
5.59,80.32,83.94,7.32,40.45,Yes,94.7
3.99,82.5,56.72,7.76,74.75,Yes,89.46
6.66,55.5,100.0,7.71,62.58,No,90.47
4.14,77.03,56.54,8.23,66.12,Yes,79.09
2.45,71.82,67.77,7.65,100.0,Yes,78.34
6.74,67.98,88.13,7.22,52.38,No,91.27
4.97,76.63,95.09,8.08,89.64,Yes,94.7
2.13,100.0,95.92,6.77,69.98,No,84.17
3.66,87.69,83.13,5.74,69.96,Yes,70.04
2.42,73.15,80.36,6.6,89.23,Yes,80.02
1.51,86.87,73.89,5.91,81.12,Yes,72.57
